Fourth_Bee,Seventh_Bee,Ninth_Bee,,,,
visit,absorb,accomplice,,,,
harvest,emotion,eclectic,,,,
disappear,qualifications,militia,,,,
fraction,vocalize,discombobulated,,,,
immature,gorgeous,memorabilia,,,,
underneath,bizarre,affiliation,,,,
type,civilize,filibuster,,,,
prairie,youth,nebulous,,,,
pasture,unacceptable,absorption,,,,
healthy,circumference,indispensable,,,,
analysis,brilliant,altercation,,,,
success,complement,accelerator,,,,
breathe,psychology,pacify,,,,
supporting,semester,algebraically,,,,
treasure,albatross,vendetta,,,,
grasp,cemetery,ambassador,,,,
ancient,laboratory,atrophy,,,,
vault,superintendent,nocturnal,,,,
surprise,schedule,claustrophobia,,,,
forest,billionaire,illumination,,,,
preacher,incredible,animosity,,,,
material,mysterious,knickknack,,,,
awkward,various,ostentatious,,,,
yield,parachute,enlightenment,,,,
remain,conservation,quadrilateral,,,,
journey,judgment,approximately,,,,
moisture,liquidation,gimmicky,,,,
noun,frequently,demonstrative,,,,
calculation,neutral,pyrotechnics,,,,
replacement,concave,neurotic,,,,
tomorrow,involvement,authentic,,,,
career,paralyze,gazpacho,,,,
penguin,supervisor,magistracy,,,,
paint,outrageous,pachyderm,,,,
jewel,caffeine,sabotage,,,,
scientific,kettle,liaison,,,,
waste,principal,bicuspid,,,,
compare,gradual,mettlesome,,,,
fountain,jewelry,matriarch,,,,
perhaps,arithmetic,mozzarella,,,,
sports,media,maintenance,,,,
persuade,specific,carcinogen,,,,
basketball,tongue,luminescent,,,,
library,interrogate,prerogative,,,,
raisin,auditorium,lieutenant,,,,
modern,emphasize,malicious,,,,
modern,uniform,commensurate,,,,
official,fiasco,neurology,,,,
talent,extremity,synonymous,,,,
journal,colleague,kaleidoscope,,,,
curtain,idol,indisputable,,,,
pleasant,volcano,obstetrician,,,,
climate,challenge,lithograph,,,,
obtain,cylinder,whippoorwill,,,,
past,hospitality,scenario,,,,
squirming,hygiene,camouflage,,,,
lemon,weapon,concierge,,,,
knives,deliver,perjury,,,,
equation,chameleon,totalitarian,,,,
entrance,velocity,fictitious,,,,
safety,inhabit,martyr,,,,
servant,dignity,opacity,,,,
location,admit,plausible,,,,
problem,contagious,unceremoniously,,,,
finally,prosperity,extenuating,,,,
forgiveness,negotiate,molecular,,,,
lesson,headline,alopecia,,,,
perfect,destroyed,hypothetical,,,,
instruction,budge,whimsical,,,,
protection,chronological,acquittal,,,,
champion,innocence,nausea,,,,
fossil,property,kinesiology,,,,
freedom,sanitary,ingenious,,,,
preferred,amateur,susceptibility,,,,
permission,handicapped,delicatessen,,,,
treatment,obedient,chaotic,,,,
community,improve,concurrence,,,,
encyclopedia,skeptical,depict,,,,
length,depth,hippopotamus,,,,
empties,customary,quizzical,,,,
session,popular,celestial,,,,
tunnel,alien,mitochondria,,,,
department,anonymous,deprecate,,,,
exercise,malicious,jurisprudence,,,,
leather,parliament,absorbency,,,,
rubies,phrase,chronic,,,,
actually,prior,invertebrate,,,,
repeat,barometer,elusive,,,,
educate,anxious,vindicate,,,,
injury,galaxy,bereavement,,,,
sweater,stationary,olfactory,,,,
scale,trophy,monologue,,,,
consonant,consequence,compliance,,,,
celebrate,religious,mezzanine,,,,
excellent,avalanche,dilapidated,,,,
passenger,tragedy,occasionally,,,,
else,ambition,momentum,,,,
chord,collaborate,altruistic,,,,
enjoyment,meticulous,precocious,,,,
ruin,crucial,euthanasia,,,,
gaze,subscription,oblique,,,,
grief,wisdom,incorporate,,,,
hello,dialogue,indiscriminate,,,,
picnic,nostalgia,rheumatism,,,,
government,divine,perpendicularly,,,,
trouble,supervisor,metamorphosis,,,,
fierce,editorial,inclusive,,,,
calendar,accumulate,rigorous,,,,
drive,inconvenience,lackadaisical,,,,
Christian,veterinarian,simultaneous,,,,
election,various,notoriety,,,,
explode,basis,mutation,,,,
fuel,aerial,scrutinize,,,,
respectable,indulgence,hallucination,,,,
liquid,villain,intellectualize,,,,
anchor,traveling,cocoon,,,,
chemical,notion,dilemma,,,,
square,integrity,troubadour,,,,
disagreement,ominous,differentiate,,,,
horizon,continuous,incorrigible,,,,
twilight,receipt,clique,,,,
public,idle,curvature,,,,
attention,lieutenant,obsessive,,,,
region,precipitate,entrepreneur,,,,
equator,escalator,calisthenics,,,,
telephone,significance,correspondence,,,,
pride,oval,conveyance,,,,
schedule,meteor,momentous,,,,
crystal,amusement,blasphemous,,,,
graceful,internally,pericardium,,,,
misunderstood,phantom,curriculum,,,,
memory,reality,depreciate,,,,
deny,lunar,foresight,,,,
chorus,characteristic,aerodynamic,,,,
annual,apostrophe,premonition,,,,
shadow,guarantee,philanthropist,,,,
listening,legislature,devastate,,,,
fireproof,mercenary,protagonist,,,,
finger,muscle,conservationist,,,,
cease,protein,scrumptious,,,,
dictionary,innocent,pediatrician,,,,
damp,enthusiasm,abdicate,,,,
interview,mischievous,hyperbole,,,,
percent,sacrifice,baccalaureate,,,,
kitchen,inconvenience,hemorrhaging,,,,
braces,knitting,omnipotent,,,,
instrument,frequency,authoritative,,,,
notch,optimistic,gratifying,,,,
multiple,prestigious,cappuccino,,,,
invisible,honorary,ostentatious,,,,
contest,foreign,palatable,,,,
orange,parfait,ambience,,,,
language,paralysis,abbreviation,,,,
roughly,vigilant,ophthalmologist,,,,
marriage,studious,tenacious,,,,
exhibit,hesitate,multiplicity,,,,
fellowship,drummer,abysmal,,,,
sponge,rehearsal,aristocrat,,,,
necessary,budget,hieroglyphics,,,,
blond,chrysanthemum,Thessalonians,,,,
history,jealousy,cerebral,,,,
meadow,courtesy,parallelogram,,,,
bowling,sophomore,debonair,,,,
general,headquarters,nimbostratus,,,,
neither,accommodate,pharmaceutical,,,,
tenth,mortgage,conceivable,,,,
element,amusing,oxymoron,,,,
pattern,taboo,Deuteronomy,,,,
scroll,frostbitten,pasteurize,,,,
image,catastrophe,unconscious,,,,
numeral,congratulations,insufficient,,,,
dilemma,shipment,prosciutto,,,,
demonstrate,unique,extraterrestrial,,,,
employee,endeavor,quiche,,,,
coax,perseverance,incandescence,,,,
scissors,descendant,pandemonium,,,,
mountain,honestly,blasphemy,,,,
exhaust,vitamin,Fahrenheit,,,,
connection,adolescence,rambunctious,,,,
vacation,phenomenon:,ventriloquist,,,,
topic, , ,,,,
autumn, , ,,,,
position, , ,,,,
luncheon, , ,,,,
comfortable, , ,,,,
satisfy, , ,,,,
invited, , ,,,,
debt, , ,,,,
puzzle, , ,,,,
pageant, , ,,,,
reduce, , ,,,,
attic, , ,,,,
quiz, , ,,,,
islands, , ,,,,
shoulder, , ,,,,
occasion, , ,,,,
sailor, , ,,,,
daydream, , ,,,,
controlling, , ,,,,
rhythm, , ,,,,
straighten, , ,,,,
quarrel, , ,,,,
shampoo, , ,,,,
inherit, , ,,,,
delaying, , ,,,,
message, , ,,,,
stomach, , ,,,,
salmon, , ,,,,
strategy, , ,,,,
combustion, , ,,,,
equip, , ,,,,
exit, , ,,,,
practice, , ,,,,
technical, , ,,,,
thousand, , ,,,,
league, , ,	